{
  "project_info": {
    "project_number": "372294234874",
    "project_id": "trivia-33ffa",
    "storage_bucket": "trivia-33ffa.firebasestorage.app"
  },
  "client": [
    {
      "client_info": {
        "mobilesdk_app_id": "1:372294234874:android:33e33c7667a60e3e4ecf43",
        "android_client_info": {
          "package_name": "com.example.trivia"
        }
      },
      "oauth_client": [],
      "api_key": [
        {
          "current_key": "AIzaSyBJYyH_6DJ6GyDQFuj3GbokANUxo2UTIkw"
        }
      ],
      "services": {
        "appinvite_service": {
          "other_platform_oauth_client": []
        }
      }
    }
  ],
  "configuration_version": "1"
}